[
    {
        "date": "6/10/2019",
        "doctors": [
            {
                "name": "Mohamed",
                "appointments": [
                    "8-2",
                    "7-9"
                ]
            },
            {
                "name": "Ali Mohamed",
                "appointments": [
                    "8-2",
                    "7-9"
                ]
            }
        ]
    },
    {
        "date": "6/13/2019",
        "doctors": [
            {
                "name": "Mostafa Ahmed",
                "appointments": [
                    "8-2",
                    "7-9"
                ]
            },
            {
                "name": "Amr Mohamed",
                "appointments": [
                    "8-2",
                    "7-9"
                ]
            }
        ]
    },
    {
        "date": "6/12/2019",
        "doctors": [
            {
                "name": "Ali Mohamed",
                "appointments": [
                    "8-2",
                    "7-9"
                ]
            },
            {
                "name": "Omar",
                "appointments": [
                    "8-2",
                    "7-9"
                ]
            }
        ]
    },
    {
        "date": "6/14/2019",
        "doctors": [
            {
                "name": "Ali",
                "appointments": [
                    "8-2",
                    "7-9"
                ]
            },
            {
                "name": "Omar",
                "appointments": [
                    "8-2",
                    "7-9"
                ]
            }
        ]
    }
]