[{
    "id":"1",
"name":"Mohamed",
"title":"Profeesor",
"rate":"2",
"fees":"100$",
"rank":"BSC"  ,
"src":"../../assets/img/Doctor.png"  
},{
    "id":"2",
    "name":"Ali Mohamed ",
    "rate":"3",
    "title":"Specialist",
    "fees":"200$",
    "rank":"MBA" ,
    "src":"../../assets/img/Doctor.png"    
},{
    "id":"3",
    "name":"Mostafa Ahmed ",
    "rate":"3",
    "title":"Specialist",
    "license number":"200$",
    "rank":"MBA" ,
    "src":"../../assets/img/Doctor.png"    
},{
    "id":"4",
    "name":"Amr Mohamed ",
    "rate":"4",
    "title":"Specialist",
    "fees":"200$",
    "rank":"MBA" ,
    "src":"../../assets/img/Doctor.png"    
},{
    "id":"5",
    "name":"Ali Mohamed ",
    "rate":"5",
    "title":"Specialist",
    "fees":"200$",
    "rank":"MBA" ,
    "src":"../../assets/img/Doctor.png"    
},{
    "id":"6",
    "name":"omar Mohamed ",
    "rate":"3",
    "title":"Specialist",
    "fees":"200$",
    "rank":"MBA" ,
    "src":"../../assets/img/Doctor.png"    
}]