[{
    "ID": "001",
   "Name": "Eurasian Collared-Dove",
    "date": "11 May 2017",
    "content": "Lorem Ipsum is simply dummy text of the printing and typesetting industry. Lorem Ipsum has been the industry's standard dummy text ever since the 1500s, ",
"src":"../../assets/img/1.jpg"
    },{
    "ID": "002",
    "Name": "Eurasian Collared-Dove",
     "date": "14 Aug 2017",
     "content": "Lorem Ipsum is simply dummy text of the printing and typesetting industry. Lorem Ipsum has been the industry's standard dummy text ever since the 1500s, ",
     "src":"../../assets/img/2.jpg"
},{
    "ID": "003",
    "Name": "Eurasian Collared-Dove",
     "date": "11 March 2017",
     "content": "Lorem Ipsum is simply dummy text of the printing and typesetting industry. Lorem Ipsum has been the industry's standard dummy text ever since the 1500s, "
,"src":"../../assets/img/3.jpg"
     }]